[{"desconto":0.15,"codigo":0,"qtde":4,"valor":122.0,"tipoVenda":"Vista","tipoPessoa":"F�sico","cpf":"111.111.111-11","cnpj":"  .   .   /    -  ","data":"11/11/1111","codigoProduto":0,"tipoProduto":"Camiseta","cliente":{"clientef":[],"clientej":[],"enderecoF":[],"enderecoJ":[]},"estoque":{"blusas":[],"calcas":[]}},{"desconto":0.15,"codigo":1,"qtde":4,"valor":122.0,"tipoVenda":"Vista","tipoPessoa":"F�sico","cpf":"111.111.111-11","cnpj":"  .   .   /    -  ","data":"11/11/1111","codigoProduto":0,"tipoProduto":"Camiseta","cliente":{"clientef":[],"clientej":[],"enderecoF":[],"enderecoJ":[]},"estoque":{"blusas":[],"calcas":[]}}]