[{"cpf":"237.483.628-01","dataNasc":"11/11/1111","sexo":"Feminino","tipo":"Cliente F�sico","nome":"Maria","telefone":"(32)88711-8273","dataRegistro":"11/11/1111","endereco":{"rua":"Av eu sou demais","bairro":"sao pedro","cidade":"juiz de fora","estado":"MG","pais":"Brasil","numero":234,"complemento":"aaa","CEP":"27893-890"},"numCompras":234},{"cpf":"111.111.111-11","dataNasc":"11/11/1111","sexo":"Feminino","tipo":"Cliente F�sico","nome":"aaaaaa","telefone":"(11)11111-1111","dataRegistro":"11/11/1111","endereco":{"rua":"asd","bairro":"sdasd","cidade":"asdsa","estado":"AC","pais":"asdsd","numero":1111,"complemento":"dasd","CEP":"11111-111"},"numCompras":1111}]